Timestamp,Temp,Humidity,Pressure,Moisture,TDS,Light
2026-03-10 20:32:19,30.23,59.37,999.78,556,0,547
2026-03-10 20:32:20,30.24,59.71,999.79,556,0,546
2026-03-10 20:32:22,30.25,59.82,999.79,555,0,540
2026-03-10 20:32:24,30.24,59.38,999.77,557,0,539
2026-03-10 20:32:26,30.23,59.54,999.78,556,0,540
2026-03-10 20:32:28,30.23,59.88,999.79,557,0,539
2026-03-10 20:32:30,30.23,59.37,999.77,556,0,539
2026-03-10 20:32:32,30.22,59.16,999.78,557,0,542
2026-03-10 20:32:34,30.20,59.20,999.76,556,0,551
2026-03-10 20:32:36,30.20,58.87,999.77,557,0,561
2026-03-10 20:32:38,30.20,58.77,999.76,557,0,562
2026-03-10 20:32:40,30.21,58.96,999.80,556,0,536
2026-03-10 20:32:42,30.22,58.65,999.80,556,0,544
2026-03-10 20:32:44,30.22,58.54,999.78,555,0,562
2026-03-10 20:32:46,30.23,58.80,999.75,556,0,571
2026-03-10 20:32:48,30.24,58.62,999.79,557,0,556
2026-03-10 20:32:50,30.25,58.71,999.75,556,0,540
2026-03-10 20:32:52,30.26,59.22,999.77,557,0,568
2026-03-10 20:32:54,30.28,59.14,999.78,556,0,557
2026-03-10 20:32:56,30.28,59.09,999.76,557,0,562
2026-03-10 20:32:58,30.28,59.05,999.77,556,0,569
2026-03-10 20:33:00,30.28,59.09,999.75,556,0,568
2026-03-10 20:33:02,30.30,59.46,999.76,556,0,561
2026-03-10 20:33:04,30.30,59.58,999.76,556,0,547
2026-03-10 20:33:06,30.31,59.03,999.75,557,0,536
2026-03-10 20:33:08,30.31,59.16,999.76,556,0,533
2026-03-10 20:33:10,30.31,59.58,999.77,557,0,542
2026-03-10 20:33:13,30.32,59.42,999.78,556,0,546
2026-03-10 20:33:15,30.31,59.21,999.78,557,0,546
2026-03-10 20:33:17,30.29,59.52,999.80,556,0,563
2026-03-10 20:33:19,30.27,58.85,999.77,556,0,559
2026-03-10 20:33:21,30.26,59.32,999.79,556,0,573
2026-03-10 20:33:23,30.27,59.16,999.81,556,0,544
2026-03-10 20:33:25,30.26,59.20,999.81,557,0,540
2026-03-10 20:33:27,30.26,59.11,999.81,556,0,571
2026-03-10 20:33:29,30.24,59.18,999.78,556,0,576
2026-03-10 20:33:31,30.25,58.92,999.80,557,0,541
2026-03-10 20:33:33,30.22,58.92,999.81,555,0,556
2026-03-10 20:33:35,30.21,57.81,999.80,556,0,571
2026-03-10 20:33:37,30.21,57.48,999.80,556,0,572
2026-03-10 20:33:39,30.21,57.35,999.79,556,0,571
2026-03-10 20:33:41,30.20,56.83,999.84,556,0,564
2026-03-10 20:33:43,30.20,56.69,999.81,556,0,565
2026-03-10 20:33:45,30.19,56.43,999.79,557,0,555
2026-03-10 20:33:47,30.16,57.45,999.80,556,0,566
2026-03-10 20:33:49,30.13,57.92,999.79,556,0,566
2026-03-10 20:33:51,30.10,58.06,999.79,557,0,554
2026-03-10 20:33:53,30.08,58.20,999.80,555,0,536
2026-03-10 20:33:55,30.07,58.22,999.86,557,0,559
2026-03-10 20:33:57,30.05,58.54,999.81,557,0,573
2026-03-10 20:33:59,30.04,58.59,999.79,555,0,561
2026-03-10 20:34:01,30.04,58.45,999.80,556,0,548
2026-03-10 20:34:03,30.04,58.58,999.81,555,0,542
2026-03-10 20:34:05,30.04,58.80,999.82,556,0,543
2026-03-10 20:34:07,30.04,59.00,999.80,556,0,544
2026-03-10 20:34:09,30.05,59.38,999.78,556,0,533
2026-03-10 20:34:11,30.04,59.37,999.79,555,0,531
2026-03-10 20:34:13,30.03,58.90,999.80,556,0,538
2026-03-10 20:34:15,30.00,58.75,999.82,556,0,561
2026-03-10 20:34:17,29.97,58.91,999.80,556,0,569
2026-03-10 20:34:19,29.96,59.28,999.78,556,0,570
2026-03-10 20:34:21,29.94,58.60,999.79,556,0,542
2026-03-10 20:34:23,29.93,58.63,999.77,556,0,531
2026-03-10 20:34:25,29.93,58.47,999.80,555,0,553
2026-03-10 20:34:27,29.93,58.78,999.81,556,0,563
2026-03-10 20:34:29,29.93,58.77,999.81,556,0,575
2026-03-10 20:34:31,29.93,58.90,999.78,555,0,559
2026-03-10 20:34:33,29.94,58.60,999.78,556,0,556
2026-03-10 20:34:35,29.94,58.48,999.82,555,0,548
2026-03-10 20:34:37,29.94,58.57,999.81,556,0,551
2026-03-10 20:34:39,29.95,58.45,999.78,555,0,558
2026-03-10 20:34:41,29.94,58.38,999.78,556,0,562
2026-03-10 20:34:43,29.94,57.95,999.79,555,0,563
2026-03-10 20:34:45,29.96,57.99,999.80,556,0,561
2026-03-10 20:34:47,29.97,58.09,999.79,555,0,556
2026-03-10 20:34:49,29.96,58.70,999.82,557,0,544
2026-03-10 20:34:51,29.93,59.01,999.82,556,0,544
2026-03-10 20:34:53,29.89,59.06,999.78,556,0,559
2026-03-10 20:34:55,29.86,59.11,999.82,557,0,540
2026-03-10 20:34:57,29.84,59.08,999.79,555,0,539
2026-03-10 20:34:59,29.81,59.23,999.81,556,0,557
2026-03-10 20:35:01,29.77,59.44,999.80,557,0,533
2026-03-10 20:35:03,29.74,59.81,999.82,555,0,535
2026-03-10 20:35:05,29.70,59.81,999.81,556,0,556
2026-03-10 20:35:07,29.68,59.29,999.83,557,0,549
2026-03-10 20:35:09,29.64,59.78,999.82,555,0,536
2026-03-10 20:35:11,29.62,59.70,999.82,557,0,527
2026-03-10 20:35:13,29.60,59.89,999.80,556,0,528
2026-03-10 20:35:15,29.57,60.07,999.78,557,0,535
2026-03-10 20:35:17,29.55,60.45,999.80,556,0,541
2026-03-10 20:35:19,29.54,60.50,999.81,556,0,547
2026-03-10 20:35:21,29.53,60.79,999.83,556,0,555
2026-03-10 20:35:23,29.52,60.88,999.78,556,0,560
2026-03-10 20:35:25,29.51,60.98,999.81,557,0,554
2026-03-10 20:35:27,29.52,61.42,999.81,556,0,551
2026-03-10 20:35:29,29.52,61.09,999.82,556,0,529
2026-03-10 20:35:31,29.52,61.34,999.84,555,0,555
2026-03-10 20:35:33,29.51,61.52,999.85,555,0,550
2026-03-10 20:35:35,29.49,61.42,999.82,556,0,528
2026-03-10 20:35:37,29.48,61.39,999.84,555,0,537
2026-03-10 20:35:39,29.47,61.38,999.83,555,0,558
2026-03-10 20:35:41,29.47,61.33,999.82,556,0,544
2026-03-10 20:35:43,29.47,61.20,999.85,555,0,412
2026-03-10 20:35:45,29.47,60.94,999.83,556,0,523
2026-03-10 20:35:47,29.45,60.74,999.83,555,0,548
2026-03-10 20:35:49,29.43,60.76,999.81,555,0,563
2026-03-10 20:35:51,29.45,60.88,999.82,556,0,554
2026-03-10 20:35:53,29.46,60.32,999.83,555,0,536
2026-03-10 20:35:55,29.48,60.66,999.84,556,0,545
2026-03-10 20:35:57,29.48,60.86,999.83,556,0,558
2026-03-10 20:36:09,29.42,61.36,999.80,556,0,547
2026-03-10 20:36:10,29.42,61.43,999.84,556,0,548
2026-03-10 20:36:12,29.41,61.28,999.83,556,0,539
2026-03-10 20:36:14,29.40,61.44,999.89,556,0,560
2026-03-10 20:36:16,29.39,61.54,999.85,555,0,544
2026-03-10 20:36:18,29.38,61.55,999.87,556,0,526
2026-03-10 20:36:20,29.37,61.61,999.85,555,0,538
2026-03-10 20:36:22,29.35,61.30,999.85,555,0,554
2026-03-10 20:36:24,29.33,61.21,999.87,556,0,561
2026-03-10 20:36:26,29.32,61.39,999.84,556,0,562
2026-03-10 20:36:28,29.29,61.29,999.86,556,0,563
2026-03-10 20:36:30,29.28,61.47,999.87,555,0,559
2026-03-10 20:36:32,29.28,61.48,999.85,556,0,552
2026-03-10 20:36:34,29.26,61.47,999.86,555,0,540
2026-03-10 20:36:36,29.26,61.46,999.88,556,0,539
2026-03-10 20:36:38,29.25,61.33,999.84,555,0,565
2026-03-10 20:36:40,29.25,61.41,999.87,555,0,559
2026-03-10 20:36:42,29.27,61.48,999.86,556,0,541
2026-03-10 20:36:44,29.27,61.46,999.87,556,0,573
2026-03-10 20:36:46,29.28,61.47,999.85,555,0,543
2026-03-10 20:36:48,29.27,61.55,999.87,555,0,554
2026-03-10 20:36:50,29.27,61.51,999.86,556,0,564
2026-03-10 20:36:52,29.28,61.47,999.83,555,0,547
2026-03-10 20:36:54,29.31,61.55,999.87,556,0,564
2026-03-10 20:36:56,29.34,61.80,999.86,555,0,578
2026-03-10 20:36:58,29.36,61.71,999.88,555,0,566
2026-03-10 20:37:00,29.39,61.64,999.89,556,0,551
2026-03-10 20:37:02,29.39,61.49,999.87,555,0,536
2026-03-10 20:37:04,29.38,61.24,999.88,556,0,543
2026-03-10 20:37:06,29.38,61.28,999.90,555,0,561
2026-03-10 20:37:08,29.36,61.52,999.90,556,0,560
2026-03-10 20:37:10,29.36,61.30,999.86,555,0,566
2026-03-10 20:37:12,29.37,61.27,999.90,556,0,546
2026-03-10 20:37:14,29.38,61.06,999.91,556,0,539
2026-03-10 20:37:16,29.40,61.50,999.88,555,0,557
2026-03-10 20:37:18,29.41,61.28,999.88,556,0,565
2026-03-10 20:37:20,29.42,61.38,999.83,556,0,547
2026-03-10 20:37:22,29.43,61.26,999.85,555,0,533
2026-03-10 20:37:24,29.43,61.04,999.82,556,0,533
2026-03-10 20:37:26,29.45,61.43,999.86,555,0,539
2026-03-10 20:37:28,29.45,61.20,999.85,556,0,541
2026-03-10 20:37:30,29.46,60.87,999.89,555,0,542
2026-03-10 20:37:32,29.46,61.01,999.88,556,0,536
2026-03-10 20:37:34,29.46,60.84,999.85,555,0,537
2026-03-10 20:37:36,29.47,61.30,999.87,555,0,532
2026-03-10 20:37:38,29.47,60.61,999.84,555,0,531
2026-03-10 20:37:40,29.47,60.41,999.87,556,0,529
2026-03-10 20:37:42,29.48,60.37,999.84,555,0,531
2026-03-10 20:37:44,29.48,60.10,999.85,556,0,539
2026-03-10 20:37:46,29.49,59.91,999.89,556,0,553
2026-03-10 20:37:48,29.49,59.97,999.88,556,0,560
2026-03-10 20:37:50,29.49,59.98,999.85,557,0,557
2026-03-10 20:37:52,29.49,60.22,999.88,556,0,546
2026-03-10 20:37:56,29.46,60.32,999.85,557,0,549
2026-03-10 20:37:57,29.48,60.53,999.83,555,0,543
2026-03-10 20:37:59,29.49,60.99,999.87,557,0,533
2026-03-10 20:38:01,29.49,60.96,999.86,556,0,543
2026-03-10 20:38:03,29.50,61.23,999.84,556,0,564
2026-03-10 20:38:05,29.51,61.23,999.83,556,0,564
2026-03-10 20:38:07,29.49,61.46,999.86,556,0,564
2026-03-10 20:38:09,29.47,61.53,999.87,556,0,564
2026-03-10 20:38:11,29.45,61.49,999.87,556,0,559
2026-03-10 20:38:13,29.42,61.43,999.87,555,0,549
2026-03-10 20:38:15,29.40,61.30,999.93,556,0,534
2026-03-10 20:38:17,29.38,60.81,999.86,555,0,539
2026-03-10 20:38:19,29.38,60.36,999.89,556,0,561
2026-03-10 20:38:21,29.38,60.30,999.88,555,0,563
2026-03-10 20:38:23,29.39,59.89,999.91,556,0,563
2026-03-10 20:38:25,29.40,59.76,999.91,555,0,562
2026-03-10 20:38:27,29.40,60.13,999.89,556,0,561
2026-03-10 20:38:29,29.40,59.87,999.93,556,0,558
2026-03-10 20:38:31,29.40,59.69,999.91,557,0,554
2026-03-10 20:38:33,29.42,59.44,999.86,555,0,548
2026-03-10 20:38:35,29.43,59.74,999.91,556,0,536
2026-03-10 20:38:37,29.41,60.25,999.90,556,0,562
2026-03-10 20:38:39,29.40,60.32,999.88,556,0,572
2026-03-10 20:38:41,29.42,58.98,999.90,557,0,551
2026-03-10 20:38:43,29.43,59.14,999.85,556,0,580
2026-03-10 20:38:45,29.44,58.88,999.88,555,0,557
2026-03-10 20:38:47,29.47,57.80,999.83,556,0,579
2026-03-10 20:38:49,29.49,57.70,999.86,556,0,565
2026-03-10 20:38:51,29.51,57.86,999.88,556,0,565
2026-03-10 20:38:53,29.53,57.85,999.87,556,0,576
2026-03-10 20:38:55,29.54,57.81,999.84,557,0,557
2026-03-10 20:38:57,29.56,58.00,999.84,556,0,570
2026-03-10 20:38:59,29.57,57.80,999.86,557,0,582
2026-03-10 20:39:01,29.58,56.99,999.85,557,0,575
2026-03-10 20:39:03,29.59,56.58,999.87,555,0,564
2026-03-10 20:39:05,29.60,56.86,999.85,556,0,554
2026-03-10 20:39:07,29.60,56.67,999.87,555,0,560
2026-03-10 20:39:09,29.63,56.37,999.85,556,0,574
2026-03-10 20:39:11,29.64,56.25,999.87,556,0,582
2026-03-10 20:39:13,29.66,56.06,999.87,556,0,584
2026-03-10 20:39:15,29.68,56.02,999.85,556,0,582
2026-03-10 20:39:17,29.70,55.93,999.85,556,0,576
2026-03-10 20:39:19,29.73,55.90,999.87,556,0,569
2026-03-10 20:39:21,29.74,56.10,999.86,556,0,542
2026-03-10 20:39:23,29.76,57.06,999.89,556,0,337
2026-03-10 20:39:25,29.77,57.63,999.89,556,0,571
2026-03-10 20:39:27,29.78,58.25,999.89,557,0,583
2026-03-10 20:39:29,29.79,58.44,999.88,556,0,564
2026-03-10 20:39:31,29.79,57.86,999.91,556,0,553
2026-03-10 20:39:33,29.79,58.28,999.88,556,0,598
2026-03-10 20:39:35,29.79,58.16,999.89,556,0,570
2026-03-10 20:39:37,29.81,58.82,999.89,555,0,544
2026-03-10 20:39:39,29.82,58.14,999.88,556,0,566
2026-03-10 20:39:41,29.83,58.83,999.89,556,0,584
2026-03-10 20:39:43,29.78,58.29,999.91,555,0,577
2026-03-10 20:39:45,29.75,57.98,999.86,556,0,568
2026-03-10 20:39:47,29.70,58.42,999.90,555,0,563
2026-03-10 20:39:49,29.66,58.08,999.92,556,0,558
2026-03-10 20:39:51,29.65,57.74,999.88,555,0,537
2026-03-10 20:39:53,29.60,58.36,999.90,556,0,560
2026-03-10 20:39:55,29.53,58.71,999.88,555,0,574
2026-03-10 20:39:57,29.45,59.03,999.88,556,0,582
2026-03-10 20:39:59,29.41,58.92,999.91,556,0,585
2026-03-10 20:40:01,29.36,59.16,999.94,555,0,579
2026-03-10 20:40:03,29.31,59.26,999.94,557,0,570
2026-03-10 20:40:05,29.27,59.55,999.91,555,0,557
2026-03-10 20:40:07,29.22,59.84,999.92,556,0,569
2026-03-10 20:40:09,29.16,60.16,999.89,556,0,585
2026-03-10 20:40:11,29.12,60.45,999.94,555,0,570
2026-03-10 20:40:13,29.11,59.71,999.93,557,0,554
2026-03-10 20:40:15,29.08,59.99,999.92,556,0,585
2026-03-10 20:40:17,29.03,60.61,999.91,555,0,576
2026-03-10 20:40:19,28.99,60.30,999.92,556,0,556
2026-03-10 20:40:21,28.94,60.56,999.91,556,0,583
2026-03-10 20:40:23,28.92,60.17,999.89,555,0,578
2026-03-10 20:40:25,28.92,60.35,999.93,557,0,558
2026-03-10 20:40:27,28.89,60.47,999.91,555,0,577
2026-03-10 20:40:29,28.87,60.56,999.90,556,0,581
2026-03-10 20:40:31,28.87,60.30,999.92,556,0,567
2026-03-10 20:40:33,28.85,60.54,999.93,555,0,556
2026-03-10 20:40:35,28.83,60.66,999.91,556,0,565
2026-03-10 20:40:37,28.86,60.00,999.92,556,0,577
2026-03-10 20:40:39,28.86,60.72,999.94,555,0,591
2026-03-10 20:40:41,28.85,60.68,999.91,556,0,577
2026-03-10 20:40:43,28.82,60.93,999.92,555,0,593
2026-03-10 20:40:45,28.81,60.51,999.91,556,0,602
2026-03-10 20:40:47,28.76,61.27,999.93,556,0,584
2026-03-10 20:40:49,28.72,61.33,999.91,555,0,596
2026-03-10 20:40:51,28.68,61.59,999.91,555,0,598
2026-03-10 20:40:53,28.64,61.73,999.90,556,0,581
2026-03-10 20:40:55,28.61,61.62,999.92,556,0,597
2026-03-10 20:40:57,28.60,61.48,999.90,555,0,579
2026-03-10 20:40:59,28.59,61.35,999.92,555,0,598
2026-03-10 20:41:02,28.61,60.99,999.92,556,0,575
2026-03-10 20:41:04,28.60,61.28,999.92,556,0,597
2026-03-10 20:41:06,28.60,60.96,999.90,556,0,593
2026-03-10 20:41:08,28.60,61.02,999.93,557,0,585
2026-03-10 20:41:10,28.59,61.33,999.93,555,0,572
2026-03-10 20:41:12,28.60,61.16,999.87,556,0,581
2026-03-10 20:41:14,28.60,61.23,999.90,555,0,597
2026-03-10 20:41:16,28.64,61.02,999.93,556,0,601
2026-03-10 20:41:18,28.61,61.45,999.92,556,0,593
2026-03-10 20:41:20,28.61,61.39,999.92,555,0,582
2026-03-10 20:41:22,28.60,61.48,999.90,556,0,576
2026-03-10 20:41:24,28.59,61.40,999.93,556,0,599
2026-03-10 20:41:26,28.59,61.39,999.93,555,0,596
2026-03-10 20:41:28,28.59,61.32,999.92,556,0,586
2026-03-10 20:41:30,28.57,61.77,999.94,555,0,575
2026-03-10 20:41:32,28.57,61.52,999.91,556,0,600
2026-03-10 20:41:34,28.58,61.63,999.89,556,0,593
2026-03-10 20:41:36,28.58,61.64,999.88,556,0,573
2026-03-10 20:41:38,28.58,61.79,999.93,556,0,595
2026-03-10 20:41:40,28.58,61.72,999.90,556,0,599
2026-03-10 20:41:42,28.57,61.63,999.91,555,0,588
2026-03-10 20:41:44,28.59,61.06,999.92,557,0,578
2026-03-10 20:41:46,28.59,60.92,999.93,555,0,557
2026-03-10 20:41:48,28.61,60.85,999.93,557,0,561
2026-03-10 20:41:50,28.63,60.91,999.88,555,0,579
2026-03-10 20:41:52,28.64,61.02,999.91,556,0,592
2026-03-10 20:41:54,28.65,60.95,999.89,556,0,599
2026-03-10 20:41:56,28.67,61.00,999.92,556,0,600
2026-03-10 20:41:58,28.66,61.08,999.91,556,0,599
2026-03-10 20:42:00,28.64,61.23,999.91,555,0,589
2026-03-10 20:42:02,28.61,61.46,999.88,556,0,573
2026-03-10 20:42:04,28.59,61.24,999.92,555,0,589
2026-03-10 20:42:06,28.60,61.11,999.91,556,0,599
2026-03-10 20:42:08,28.60,61.46,999.93,556,0,578
2026-03-10 20:42:10,28.58,61.81,999.92,556,0,600
2026-03-10 20:42:12,28.56,61.84,999.96,555,0,577
2026-03-10 20:42:14,28.57,61.93,999.94,556,0,601
2026-03-10 20:42:16,28.56,62.14,999.93,556,0,581
2026-03-10 20:42:18,28.58,61.25,999.91,555,0,588
2026-03-10 20:42:20,28.62,60.50,999.89,556,0,601
2026-03-10 20:42:22,28.68,60.06,999.93,556,0,586
2026-03-10 20:42:24,28.71,59.74,999.95,556,0,575
2026-03-10 20:42:26,28.74,59.59,999.90,556,0,586
2026-03-10 20:42:28,28.78,59.56,999.94,556,0,600
2026-03-10 20:42:30,28.82,59.52,999.95,556,0,602
2026-03-10 20:42:32,28.85,59.71,999.92,557,0,600
2026-03-10 20:42:34,28.88,59.88,999.89,556,0,600
2026-03-10 20:42:36,28.89,60.56,999.94,556,0,599
2026-03-10 20:42:38,28.87,61.04,999.94,556,0,586
2026-03-10 20:42:40,28.85,61.12,999.93,556,0,600
2026-03-10 20:42:42,28.82,61.49,999.93,557,0,597
2026-03-10 20:42:44,28.80,61.54,999.92,556,0,597
2026-03-10 20:42:46,28.77,61.50,999.92,556,0,601
2026-03-10 20:42:48,28.75,61.22,999.94,556,0,599
2026-03-10 20:42:50,28.74,61.05,999.96,557,0,600
2026-03-10 20:42:52,28.73,61.17,999.93,556,0,598
2026-03-10 20:42:54,28.74,60.62,999.93,556,0,596
2026-03-10 20:42:56,28.78,60.12,999.96,556,0,593
2026-03-10 20:42:58,28.81,60.09,999.92,556,0,583
2026-03-10 20:43:00,28.84,59.87,999.93,555,0,576
2026-03-10 20:43:02,28.86,60.22,999.94,557,0,571
2026-03-10 20:43:04,28.87,60.52,999.93,555,0,564
2026-03-10 20:43:06,28.87,60.84,999.93,557,0,565
2026-03-10 20:43:08,28.87,60.55,999.95,556,0,561
2026-03-10 20:43:10,28.89,60.43,999.92,557,0,591
2026-03-10 20:43:12,28.92,60.19,999.93,556,0,603
2026-03-10 20:43:14,28.95,59.96,999.94,556,0,599
2026-03-10 20:43:16,28.99,59.56,999.96,557,0,574
2026-03-10 20:43:18,29.01,59.42,999.97,555,0,576
2026-03-10 20:43:20,29.05,59.42,999.95,556,0,603
2026-03-10 20:43:22,29.08,59.15,999.96,557,0,595
2026-03-10 20:43:24,29.11,58.75,999.96,555,0,574
2026-03-10 20:43:26,29.13,58.63,999.96,557,0,591
2026-03-10 20:43:28,29.17,58.43,999.94,557,0,602
2026-03-10 20:43:30,29.20,58.38,999.97,555,0,592
2026-03-10 20:43:32,29.22,58.67,999.97,557,0,573
2026-03-10 20:43:34,29.24,58.35,999.96,556,0,589
2026-03-10 20:43:36,29.26,58.44,999.93,556,0,598
2026-03-10 20:43:38,29.28,58.18,999.97,557,0,558
2026-03-10 20:43:40,29.31,58.20,999.95,556,0,596
2026-03-10 20:43:42,29.31,58.56,999.95,555,0,589
2026-03-10 20:43:44,29.34,58.24,999.96,557,0,587
2026-03-10 20:43:46,29.36,58.09,999.94,557,0,598
2026-03-10 20:43:48,29.37,58.07,999.95,556,0,555
2026-03-10 20:43:50,29.40,57.85,999.95,557,0,594
2026-03-10 20:43:52,29.41,58.26,999.95,556,0,601
2026-03-10 20:43:54,29.42,58.50,999.97,556,0,597
2026-03-10 20:43:56,29.43,58.55,999.97,557,0,589
2026-03-10 20:43:58,29.45,58.26,999.93,555,0,582
2026-03-10 20:44:00,29.47,57.92,999.92,557,0,570
2026-03-10 20:44:02,29.50,57.91,999.96,555,0,564
2026-03-10 20:44:04,29.52,57.90,999.94,556,0,591
2026-03-10 20:44:06,29.53,58.10,999.93,556,0,601
2026-03-10 20:44:08,29.54,58.04,999.95,556,0,601
2026-03-10 20:44:10,29.55,58.16,999.94,557,0,592
2026-03-10 20:44:12,29.56,58.01,999.94,555,0,578
2026-03-10 20:44:14,29.58,57.78,999.95,557,0,586
2026-03-10 20:44:16,29.60,57.73,999.95,556,0,598
2026-03-10 20:44:18,29.62,57.65,999.94,555,0,573
2026-03-10 20:44:20,29.64,57.57,999.98,556,0,599
2026-03-10 20:44:22,29.66,57.21,999.97,557,0,588
2026-03-10 20:44:24,29.68,57.05,999.93,557,0,580
2026-03-10 20:44:26,29.69,57.10,999.92,556,0,597
2026-03-10 20:44:28,29.71,56.95,999.95,556,0,597
2026-03-10 20:44:30,29.72,56.68,999.93,555,0,575
2026-03-10 20:44:32,29.74,56.55,999.95,556,0,591
2026-03-10 20:44:34,29.75,56.57,999.96,556,0,599
2026-03-10 20:44:36,29.77,56.53,999.95,557,0,572
2026-03-10 20:44:38,29.78,56.79,999.91,557,0,597
2026-03-10 20:44:40,29.79,56.44,999.94,556,0,587
2026-03-10 20:44:42,29.80,56.37,999.92,556,0,584
2026-03-10 20:44:44,29.81,56.16,999.94,557,0,582
2026-03-10 20:44:47,29.83,55.76,999.91,557,0,598
2026-03-10 20:44:49,29.85,55.92,999.94,554,0,575
2026-03-10 20:44:51,29.86,55.75,999.98,556,0,603
2026-03-10 20:44:53,29.87,55.89,999.96,557,0,579
2026-03-10 20:44:55,29.87,56.19,999.98,557,0,603
2026-03-10 20:44:57,29.88,56.24,999.95,555,0,577
2026-03-10 20:44:59,29.88,56.31,999.95,557,0,601
2026-03-10 20:45:01,29.89,56.08,999.95,557,0,557
2026-03-10 20:45:03,29.90,55.94,999.96,556,0,599
2026-03-10 20:45:05,29.91,55.92,999.96,555,0,578
2026-03-10 20:45:07,29.92,55.70,999.96,556,0,595
2026-03-10 20:45:09,29.93,55.98,999.95,556,0,598
2026-03-10 20:45:11,29.94,55.57,999.96,555,0,585
2026-03-10 20:45:13,29.96,55.33,999.94,557,0,559
2026-03-10 20:45:15,29.98,56.00,999.98,556,0,570
2026-03-10 20:45:17,29.99,55.54,999.95,557,0,600
2026-03-10 20:45:19,30.00,55.15,999.98,556,0,601
2026-03-10 20:45:21,30.00,55.07,999.96,555,0,593
2026-03-10 20:45:23,30.01,55.73,999.99,557,0,585
2026-03-10 20:45:25,30.01,55.46,999.97,555,0,576
2026-03-10 20:45:27,30.02,55.10,999.98,557,0,593
2026-03-10 20:45:29,30.03,55.25,1000.02,557,0,599
2026-03-10 20:45:31,30.04,55.24,1000.01,556,0,588
2026-03-10 20:45:33,30.04,55.55,1000.00,557,0,573
2026-03-10 20:45:35,30.04,55.33,1000.00,555,0,583
2026-03-10 20:45:37,30.04,55.13,1000.03,557,0,578
2026-03-10 20:45:39,30.05,55.24,999.98,556,0,578
2026-03-10 20:45:41,30.05,55.46,1000.00,557,0,580
2026-03-10 20:45:43,30.06,55.30,1000.00,555,0,583
2026-03-10 20:45:45,30.07,55.01,999.99,557,0,578
2026-03-10 20:45:47,30.08,55.41,999.99,556,0,560
2026-03-10 20:45:49,30.09,55.35,1000.02,557,0,577
2026-03-10 20:45:51,30.09,55.27,999.98,555,0,584
2026-03-10 20:45:53,30.10,55.35,1000.00,557,0,592
2026-03-10 20:45:55,30.11,55.22,1000.00,556,0,598
2026-03-10 20:45:57,30.10,55.96,999.98,556,0,599
2026-03-10 20:45:59,30.09,55.45,999.99,556,0,606
2026-03-10 20:46:01,30.10,55.17,999.97,556,0,605
2026-03-10 20:46:03,30.11,55.64,1000.02,556,0,604
2026-03-10 20:46:05,30.11,54.89,1000.01,557,0,595
2026-03-10 20:46:07,30.12,54.64,1000.02,556,0,581
2026-03-10 20:46:09,30.12,54.77,1000.00,557,0,581
2026-03-10 20:46:11,30.14,54.57,1000.00,556,0,603
2026-03-10 20:46:13,30.14,54.65,1000.01,556,0,595
2026-03-10 20:46:15,30.15,54.89,1000.02,556,0,580
2026-03-10 20:46:17,30.16,54.95,1000.01,556,0,578
2026-03-10 20:46:19,30.16,54.94,1000.03,557,0,597
2026-03-10 20:46:21,30.17,54.83,1000.02,556,0,585
2026-03-10 20:46:23,30.18,54.95,1000.00,556,0,600
2026-03-10 20:46:25,30.18,55.04,1000.03,557,0,595
2026-03-10 20:46:27,30.19,55.00,1000.01,556,0,588
2026-03-10 20:46:29,30.20,55.01,1000.01,557,0,580
2026-03-10 20:46:31,30.20,54.91,1000.01,556,0,553
2026-03-10 20:46:33,30.16,56.48,1000.00,556,0,582
2026-03-10 20:46:35,30.12,56.50,1000.05,556,0,591
2026-03-10 20:46:37,30.12,56.24,999.99,556,0,573
2026-03-10 20:46:39,30.11,57.19,1000.02,557,0,574
2026-03-10 20:46:41,30.12,57.99,1000.00,556,0,595
2026-03-10 20:46:43,30.13,58.04,1000.02,556,0,579
2026-03-10 20:46:45,30.11,57.83,1000.04,557,0,594
2026-03-10 20:46:47,30.10,57.48,1000.02,557,0,590
2026-03-10 20:47:01,30.06,56.97,1000.00,556,0,603
2026-03-10 20:47:02,30.08,56.96,1000.02,556,0,583
2026-03-10 20:47:04,30.09,57.05,1000.01,556,0,560
2026-03-10 20:47:06,30.08,57.12,1000.02,556,0,581
2026-03-10 20:47:08,30.08,57.48,1000.03,557,0,588
2026-03-10 20:47:10,30.08,57.42,1000.06,556,0,594
2026-03-10 20:47:12,30.07,57.70,1000.02,557,0,604
2026-03-10 20:47:14,30.07,57.58,1000.02,556,0,604
2026-03-10 20:47:16,30.08,57.39,1000.03,556,0,603
2026-03-10 20:47:18,30.08,57.18,1000.04,556,0,600
2026-03-10 20:47:20,30.06,57.52,1000.05,555,0,596
2026-03-10 20:47:22,30.06,57.17,1000.03,557,0,592
2026-03-10 20:47:24,30.03,57.56,1000.06,556,0,574
2026-03-10 20:47:26,30.02,57.76,1000.05,557,0,567
2026-03-10 20:47:28,30.01,57.66,1000.01,556,0,562
2026-03-10 20:47:30,30.00,57.67,1000.04,557,0,578
2026-03-10 20:47:32,29.97,57.99,1000.03,555,0,587
2026-03-10 20:47:34,29.94,58.30,1000.03,556,0,195
2026-03-10 20:47:36,29.93,58.30,1000.03,556,0,57
2026-03-10 20:47:38,29.92,58.40,1000.03,556,0,631
2026-03-10 20:47:40,29.89,58.10,1000.06,556,0,617
2026-03-10 20:47:42,29.82,58.49,1000.06,555,0,592
2026-03-10 20:47:44,29.80,57.86,1000.04,556,0,602
2026-03-10 20:47:46,29.81,57.04,1000.01,555,0,599
2026-03-10 20:47:48,29.82,56.90,1000.03,557,0,596
2026-03-10 20:47:50,29.83,56.67,1000.02,555,0,594
2026-03-10 20:47:52,29.84,56.61,1000.04,556,0,593
2026-03-10 20:47:54,29.85,56.61,1000.05,555,0,594
2026-03-10 20:47:56,29.85,56.66,1000.03,557,0,579
2026-03-10 20:47:59,29.86,56.27,1000.05,555,0,590
2026-03-10 20:48:01,29.86,56.62,1000.03,556,0,608
2026-03-10 20:48:03,29.86,56.34,1000.07,555,0,614
2026-03-10 20:48:05,29.87,56.00,1000.04,556,0,609
2026-03-10 20:48:07,29.88,56.04,1000.03,556,0,619
2026-03-10 20:48:09,29.89,56.08,1000.02,556,0,621
2026-03-10 20:48:11,29.90,55.58,1000.04,556,0,620
2026-03-10 20:48:13,29.90,56.10,1000.04,556,0,601
2026-03-10 20:48:15,29.90,56.46,1000.05,557,0,613
2026-03-10 20:48:17,29.89,56.81,1000.04,555,0,610
2026-03-10 20:48:19,29.88,56.40,1000.04,557,0,603
2026-03-10 20:48:21,29.88,56.22,1000.06,555,0,596
2026-03-10 20:48:23,29.88,56.06,1000.04,557,0,590
2026-03-10 20:48:25,29.89,55.79,1000.04,555,0,607
2026-03-10 20:48:27,29.90,55.39,1000.04,556,0,615
2026-03-10 20:48:29,29.91,55.20,1000.05,557,0,601
2026-03-10 20:48:31,29.90,55.74,1000.04,555,0,571
2026-03-10 20:48:33,29.89,56.47,1000.02,556,0,613
2026-03-10 20:48:35,29.89,56.50,1000.02,557,0,599
2026-03-10 20:48:37,29.89,56.45,1000.04,555,0,592
2026-03-10 20:48:39,29.89,56.15,1000.04,556,0,614
2026-03-10 20:48:41,29.89,55.92,1000.04,557,0,608
2026-03-10 20:48:43,29.90,55.98,1000.06,555,0,593
2026-03-10 20:48:45,29.91,56.08,1000.04,556,0,590
2026-03-10 20:48:47,29.91,56.24,1000.03,555,0,610
2026-03-10 20:48:49,29.91,56.37,1000.04,556,0,617
2026-03-10 20:48:51,29.92,56.43,1000.03,557,0,615
2026-03-10 20:48:53,29.92,56.11,1000.05,556,0,590
2026-03-10 20:48:55,29.92,56.13,1000.05,557,0,594
2026-03-10 20:48:57,29.93,55.90,1000.09,555,0,590
2026-03-10 20:48:59,29.93,55.81,1000.05,556,0,591
2026-03-10 20:49:01,29.94,55.31,1000.04,557,0,604
2026-03-10 20:49:03,29.94,55.25,1000.07,557,0,618
2026-03-10 20:49:05,29.93,55.39,1000.04,556,0,611
2026-03-10 20:49:07,29.93,55.33,1000.04,555,0,594
2026-03-10 20:49:09,29.93,55.23,1000.06,556,0,604
2026-03-10 20:49:11,29.94,55.03,1000.05,556,0,613
2026-03-10 20:49:13,29.95,55.00,1000.07,555,0,575
2026-03-10 20:49:15,29.96,54.98,1000.04,556,0,605
2026-03-10 20:49:17,29.97,55.08,1000.07,557,0,594
2026-03-10 20:49:19,29.97,55.55,1000.06,556,0,614
2026-03-10 20:49:21,29.97,55.55,1000.06,555,0,577
2026-03-10 20:49:23,29.97,55.38,1000.03,556,0,600
2026-03-10 20:49:25,29.98,54.96,1000.05,557,0,592
2026-03-10 20:49:27,29.99,55.56,1000.07,557,0,614
2026-03-10 20:49:29,29.97,55.99,1000.10,556,0,603
2026-03-10 20:49:31,29.94,56.24,1000.06,557,0,592
2026-03-10 20:49:33,29.90,56.77,1000.09,556,0,616
2026-03-10 20:49:35,29.86,56.76,1000.07,556,0,614
2026-03-10 20:49:37,29.85,56.08,1000.07,557,0,607
2026-03-10 20:49:39,29.87,55.43,1000.05,555,0,603
2026-03-10 20:49:41,29.88,55.53,1000.08,556,0,594
2026-03-10 20:49:43,29.89,56.08,1000.07,555,0,611
2026-03-10 20:49:45,29.87,56.85,1000.04,556,0,594
2026-03-10 20:49:47,29.85,56.94,1000.04,556,0,599
2026-03-10 20:49:49,29.86,57.09,1000.07,556,0,616
2026-03-10 20:49:51,29.86,56.83,1000.06,556,0,617
2026-03-10 20:49:53,29.86,56.49,1000.07,556,0,614
2026-03-10 20:49:55,29.86,56.09,1000.05,556,0,609
2026-03-10 20:49:57,29.86,56.54,1000.05,557,0,603
2026-03-10 20:49:59,29.87,56.62,1000.05,555,0,589
2026-03-10 20:50:01,29.87,56.61,1000.05,556,0,579
2026-03-10 20:50:03,29.88,56.41,1000.06,556,0,599
2026-03-10 20:50:05,29.89,56.40,1000.05,556,0,618
2026-03-10 20:50:07,29.88,57.00,1000.06,556,0,606
2026-03-10 20:50:09,29.85,57.44,1000.07,556,0,604
2026-03-10 20:50:11,29.84,57.63,1000.08,556,0,605
2026-03-10 20:50:13,29.82,57.61,1000.07,556,0,608
2026-03-10 20:50:15,29.81,57.67,1000.04,555,0,603
2026-03-10 20:50:17,29.78,57.79,1000.05,556,0,605
2026-03-10 20:50:19,29.76,57.72,1000.07,555,0,601
2026-03-10 20:50:21,29.75,57.54,1000.06,556,0,607
2026-03-10 20:50:23,29.75,57.29,1000.06,555,0,607
2026-03-10 20:50:25,29.72,57.49,1000.08,557,0,595
2026-03-10 20:50:27,29.72,57.60,1000.06,556,0,610
2026-03-10 20:50:29,29.73,57.29,1000.06,556,0,616
2026-03-10 20:50:31,29.75,57.25,1000.05,556,0,612
2026-03-10 20:50:33,29.76,57.09,1000.09,555,0,577
2026-03-10 20:50:35,29.76,56.56,1000.09,557,0,611
2026-03-10 20:50:37,29.78,56.45,1000.06,557,0,599
2026-03-10 20:50:39,29.79,56.42,1000.09,556,0,616
2026-03-10 20:50:41,29.80,56.69,1000.07,555,0,568
2026-03-10 20:50:43,29.81,56.70,1000.05,556,0,588
2026-03-10 20:50:45,29.82,56.91,1000.09,556,0,601
2026-03-10 20:50:47,29.81,57.04,1000.07,557,0,590
2026-03-10 20:50:49,29.77,57.57,1000.05,556,0,615
2026-03-10 20:50:51,29.73,57.44,1000.06,555,0,590
2026-03-10 20:50:53,29.72,57.46,1000.07,556,0,591
2026-03-10 20:50:55,29.73,57.02,1000.06,556,0,601
2026-03-10 20:50:57,29.73,57.01,1000.06,556,0,589
2026-03-10 20:50:59,29.74,56.85,1000.03,557,0,580
2026-03-10 20:56:09,9,60.19,1000.15,557,0,577
2026-03-10 20:56:10,99
2026-03-10 20:56:11,29.31,59.82,1000.16,556,0,593
2026-03-10 20:56:12,29.32,59.49,1000.13,556,0,591
2026-03-10 20:56:13,29.32,59.89,1000.15,557,0,598
2026-03-10 20:56:14,29.29,60.19,1000.15,557,0,577
2026-03-10 20:56:15,29.25,60.42,1000.13,557,0,567
2026-03-10 20:56:16,29.26,60.35,1000.11,556,0,594
2026-03-10 20:56:17,29.26,60.35,1000.11,555,0,574
2026-03-10 20:56:18,29.25,60.36,1000.14,556,0,596
2026-03-10 20:56:19,29.24,60.50,1000.12,557,0,536
2026-03-10 20:56:20,29.24,60.17,1000.12,556,0,593
2026-03-10 20:56:22,29.26,59.73,1000.15,556,0,608
2026-03-10 20:56:24,29.25,60.22,1000.15,557,0,593
2026-03-10 20:56:26,29.24,60.25,1000.14,555,0,589
2026-03-10 20:56:28,29.24,60.25,1000.14,556,0,610
2026-03-10 20:56:30,29.23,60.15,1000.13,556,0,325
2026-03-10 20:56:32,29.24,60.01,1000.13,555,0,446
2026-03-10 20:56:34,29.24,59.49,1000.15,556,0,510
2026-03-10 20:56:36,29.24,59.74,1000.12,556,0,528
2026-03-10 20:56:38,29.25,59.89,1000.13,555,0,517
2026-03-10 20:56:40,29.26,60.07,1000.13,556,0,543
2026-03-10 20:56:42,29.26,60.21,1000.13,556,0,427
2026-03-10 20:56:44,29.27,60.27,1000.13,556,0,331
2026-03-10 20:56:46,29.28,60.29,1000.14,555,0,577
2026-03-10 20:56:48,29.27,60.34,1000.11,556,0,134
2026-03-10 20:56:50,29.28,60.21,1000.12,556,0,112
2026-03-10 20:56:52,29.28,60.14,1000.15,557,0,103
2026-03-10 20:56:54,29.29,60.21,1000.14,555,0,90
2026-03-10 20:56:57,29.29,59.85,1000.15,556,0,734
2026-03-10 20:56:59,29.29,59.98,1000.15,556,0,697
2026-03-10 20:57:01,29.30,60.18,1000.14,555,0,680
2026-03-10 20:57:03,29.29,60.18,1000.16,556,0,701
2026-03-10 20:57:05,29.30,60.07,1000.15,556,0,712
2026-03-10 20:57:07,29.33,60.31,1000.16,556,0,630
2026-03-10 20:57:09,29.34,60.09,1000.15,556,0,427
2026-03-10 20:57:11,29.37,60.12,1000.17,555,0,334
2026-03-10 20:57:13,29.39,60.02,1000.16,556,0,480
2026-03-10 20:57:15,29.37,60.58,1000.18,555,0,500
2026-03-10 20:57:17,29.34,60.64,1000.17,553,0,486
2026-03-10 20:57:19,29.32,60.84,1000.16,555,0,494
2026-03-10 20:57:21,29.29,60.88,1000.15,555,1,475
2026-03-10 20:57:23,29.28,60.95,1000.14,555,2,407
2026-03-10 20:57:25,29.26,61.10,1000.15,554,5,426
2026-03-10 20:57:27,29.25,61.11,1000.12,554,5,406
2026-03-10 20:57:29,29.24,61.22,1000.16,555,4,535
2026-03-10 20:57:31,29.23,61.28,1000.16,555,4,514
2026-03-10 20:57:33,29.21,61.33,1000.17,555,5,524
2026-03-10 20:57:35,29.21,61.33,1000.22,554,4,208
2026-03-10 20:57:37,29.20,61.36,1000.16,554,4,177
2026-03-10 20:57:39,29.21,61.26,1000.18,554,3,97
2026-03-10 20:57:41,29.21,61.45,1000.16,554,5,202
2026-03-10 20:57:43,29.21,61.51,1000.16,554,3,214
2026-03-10 20:57:45,29.21,61.57,1000.14,554,3,201
2026-03-10 20:57:47,29.21,61.61,1000.17,553,3,198
2026-03-10 20:57:49,29.20,61.67,1000.16,555,4,139
2026-03-10 20:57:51,29.20,61.53,1000.17,555,2,112
2026-03-10 20:57:53,29.20,61.52,1000.17,555,2,197
2026-03-10 20:57:55,29.20,61.60,1000.18,554,1,135
2026-03-10 20:57:57,29.17,61.62,1000.18,553,2,760
2026-03-10 20:57:59,29.16,61.54,1000.16,553,1,738
2026-03-10 20:58:01,29.13,61.78,1000.15,554,2,722
2026-03-10 20:58:03,29.14,61.62,1000.14,553,2,737
2026-03-10 20:58:05,29.15,61.65,1000.15,554,3,560
2026-03-10 20:58:07,29.16,61.17,1000.15,554,2,407
2026-03-10 20:58:09,29.18,60.90,1000.15,555,1,346
2026-03-10 20:58:11,29.20,60.85,1000.16,554,0,472
2026-03-10 20:58:13,29.21,60.94,1000.17,553,0,62
2026-03-10 20:58:15,29.23,60.86,1000.16,555,0,40
2026-03-10 20:58:17,29.25,60.88,1000.14,554,0,26
2026-03-10 20:58:19,29.27,60.95,1000.16,554,0,23
2026-03-10 20:58:21,29.28,61.12,1000.14,554,0,21
2026-03-10 20:58:23,29.29,60.97,1000.14,555,0,18
2026-03-10 20:58:25,29.30,61.10,1000.15,554,0,736
2026-03-10 20:58:27,29.30,61.03,1000.15,555,0,766
2026-03-10 20:58:29,29.31,60.77,1000.15,554,0,767
2026-03-10 20:58:31,29.33,60.43,1000.18,553,0,735
2026-03-10 20:58:33,29.35,60.22,1000.18,555,0,757
2026-03-10 20:58:35,29.36,60.19,1000.19,555,0,758
2026-03-10 20:58:37,29.37,60.21,1000.17,553,0,728
2026-03-10 20:58:39,29.38,60.32,1000.17,555,0,753
2026-03-10 20:58:41,29.39,60.34,1000.16,555,0,755
2026-03-10 20:58:43,29.40,60.33,1000.18,553,0,728
2026-03-10 20:58:45,29.41,60.22,1000.16,554,0,733
2026-03-10 20:58:47,29.42,60.22,1000.17,554,0,754
2026-03-10 20:58:49,29.40,60.80,1000.15,554,0,723
2026-03-10 20:58:51,29.39,60.92,1000.16,555,0,750
2026-03-10 20:58:53,29.36,61.14,1000.20,555,0,729
2026-03-10 20:58:55,29.32,61.21,1000.17,554,0,755
2026-03-10 20:58:57,29.28,61.24,1000.15,554,0,716
2026-03-10 20:58:59,29.27,61.14,1000.16,554,0,732
2026-03-10 20:59:01,29.26,61.10,1000.16,555,0,750
2026-03-10 20:59:03,29.26,61.17,1000.16,555,0,746
2026-03-10 20:59:05,29.27,61.39,1000.18,555,0,714
2026-03-10 20:59:07,29.28,61.61,1000.15,555,0,721
2026-03-10 20:59:09,29.27,61.59,1000.18,555,0,738
2026-03-10 20:59:11,29.27,61.35,1000.16,555,0,749
2026-03-10 20:59:13,29.28,61.51,1000.17,554,0,734
2026-03-10 20:59:15,29.27,61.37,1000.17,554,0,689
2026-03-10 20:59:17,29.29,61.06,1000.16,554,0,716
2026-03-10 20:59:19,29.29,61.40,1000.18,554,0,733
2026-03-10 20:59:21,29.30,61.34,1000.17,555,0,463
2026-03-10 20:59:23,29.32,61.28,1000.17,555,0,711
2026-03-10 20:59:25,29.33,61.54,1000.19,555,0,736
2026-03-10 20:59:27,29.34,61.46,1000.21,555,0,746
2026-03-10 20:59:29,29.35,61.40,1000.18,554,0,723
2026-03-10 20:59:31,29.35,61.32,1000.20,554,0,702
2026-03-10 20:59:33,29.37,60.80,1000.17,554,0,724
2026-03-10 20:59:35,29.38,61.07,1000.17,554,0,739
2026-03-10 20:59:37,29.40,61.31,1000.19,556,0,738
2026-03-10 20:59:39,29.43,61.36,1000.16,555,0,704
2026-03-10 20:59:41,29.42,61.08,1000.18,555,0,714
2026-03-10 20:59:43,29.43,61.20,1000.18,555,0,734
2026-03-10 20:59:45,29.45,60.56,1000.19,554,0,738
2026-03-10 20:59:47,29.45,60.45,1000.19,554,0,707
2026-03-10 20:59:49,29.45,60.48,1000.18,554,0,705
2026-03-10 20:59:51,30.28,65.86,1000.21,554,0,723
2026-03-10 20:59:53,30.01,67.77,1000.19,556,0,737
2026-03-10 20:59:55,30.10,71.85,1000.21,556,0,734
2026-03-10 20:59:57,30.21,72.78,1000.23,555,0,710
2026-03-10 20:59:59,30.31,69.93,1000.21,555,0,700
2026-03-10 21:00:01,30.40,69.30,1000.19,556,0,718
2026-03-10 21:00:03,30.49,65.68,1000.20,555,0,733
2026-03-10 21:00:05,30.47,61.75,1000.17,554,0,737
2026-03-10 21:00:07,30.44,60.57,1000.18,554,0,710
2026-03-10 21:00:09,30.41,60.02,1000.18,554,0,704
2026-03-10 21:00:11,30.40,59.57,1000.15,555,0,730
2026-03-10 21:00:13,30.40,59.29,1000.18,555,0,728
2026-03-10 21:00:15,30.39,58.99,1000.17,556,0,703
2026-03-10 21:00:17,30.34,58.94,1000.15,555,0,735
2026-03-10 21:00:19,30.31,58.94,1000.17,555,0,703
2026-03-10 21:00:21,30.29,58.98,1000.20,554,0,717
2026-03-10 21:00:23,30.24,58.82,1000.23,555,0,735
2026-03-10 21:00:25,30.20,58.65,1000.19,556,0,708
2026-03-10 21:00:27,30.20,58.25,1000.20,556,0,701
2026-03-10 21:00:29,30.17,58.15,1000.20,555,0,720
2026-03-10 21:00:31,30.14,58.16,1000.18,555,0,731
2026-03-10 21:00:33,30.11,58.44,1000.21,555,0,733
2026-03-10 21:00:35,30.09,57.89,1000.17,554,0,699
2026-03-10 21:00:37,30.09,57.21,1000.20,554,0,716
2026-03-10 21:00:40,30.09,57.10,1000.18,556,0,713
2026-03-10 21:00:42,30.07,57.82,1000.17,555,0,732
2026-03-10 21:00:44,30.04,57.93,1000.18,554,0,720
2026-03-10 21:00:46,30.03,57.79,1000.16,555,0,711
2026-03-10 21:00:48,29.99,57.90,1000.15,554,0,704
2026-03-10 21:00:50,30.00,57.89,1000.16,556,0,700
2026-03-10 21:00:52,30.00,57.94,1000.18,554,0,695
2026-03-10 21:00:54,29.98,58.10,1000.17,556,0,691
2026-03-10 21:00:56,29.96,58.30,1000.16,554,0,695
2026-03-10 21:00:58,29.93,58.73,1000.18,556,0,711
2026-03-10 21:01:00,29.92,58.25,1000.13,555,0,729
2026-03-10 21:01:02,29.91,58.08,1000.17,554,0,728
2026-03-10 21:01:04,29.91,57.94,1000.17,556,0,715
2026-03-10 21:01:06,29.91,58.33,1000.16,554,0,691
2026-03-10 21:01:08,29.90,58.21,1000.16,556,0,710
2026-03-10 21:01:10,29.91,58.09,1000.17,555,0,729
2026-03-10 21:01:12,29.90,58.15,1000.18,554,0,713
2026-03-10 21:01:14,29.89,58.54,1000.17,556,0,686
2026-03-10 21:01:16,29.88,58.64,1000.16,554,0,728
2026-03-10 21:01:18,29.88,58.22,1000.16,554,0,709
2026-03-10 21:01:20,29.87,58.26,1000.16,555,0,720
2026-03-10 21:01:22,29.87,58.27,1000.18,555,0,708
2026-03-10 21:01:24,29.87,58.35,1000.19,555,0,727
2026-03-10 21:01:26,29.87,58.44,1000.19,554,0,693
2026-03-10 21:01:28,29.85,58.39,1000.17,555,0,726
2026-03-10 21:01:30,29.85,58.07,1000.19,556,0,701
2026-03-10 21:01:32,29.85,58.01,1000.17,556,0,717
2026-03-10 21:01:34,29.86,57.72,1000.18,555,0,716
2026-03-10 21:01:36,29.86,57.60,1000.18,554,0,717
2026-03-10 21:01:38,29.86,57.97,1000.18,555,0,700
2026-03-10 21:01:40,29.87,57.98,1000.15,555,0,727
2026-03-10 21:01:42,29.86,58.42,1000.18,555,0,693
2026-03-10 21:01:44,29.84,58.22,1000.18,555,0,730
2026-03-10 21:01:46,29.84,58.08,1000.20,555,0,689
2026-03-10 21:01:48,29.83,58.53,1000.19,556,0,728
2026-03-10 21:01:50,29.83,58.65,1000.16,555,0,696
2026-03-10 21:01:52,29.83,58.72,1000.19,554,0,718
2026-03-10 21:01:54,29.78,59.06,1000.17,556,0,731
2026-03-10 21:01:56,29.75,58.97,1000.19,556,0,696
2026-03-10 21:01:58,29.73,58.80,1000.21,556,0,707
2026-03-10 21:02:00,29.72,58.64,1000.18,554,0,724
2026-03-10 21:02:02,29.70,59.28,1000.19,555,0,730
2026-03-10 21:02:04,29.69,59.27,1000.19,555,0,713
2026-03-10 21:02:06,29.69,59.23,1000.20,555,0,689
2026-03-10 21:05:04,29.93,58.51,1000.20,555,0,710
2026-03-10 21:05:05,29.95,59.41,1000.20,556,0,711
2026-03-10 21:05:07,29.94,58.84,1000.20,554,0,713
2026-03-10 21:05:09,29.95,58.82,1000.20,555,0,716
2026-03-10 21:05:11,29.94,58.53,1000.18,555,0,717
2026-03-10 21:05:13,29.94,58.83,1000.20,556,0,718
2026-03-10 21:05:15,29.93,58.41,1000.19,556,0,720
2026-03-10 21:05:17,29.93,58.60,1000.19,555,0,721
2026-03-10 21:05:19,29.89,58.69,1000.21,555,0,720
2026-03-10 21:05:21,29.83,58.77,1000.22,554,0,721
2026-03-10 21:05:23,29.83,58.66,1000.20,555,0,720
2026-03-10 21:05:25,29.80,58.82,1000.21,555,0,722
2026-03-10 21:05:27,29.79,59.05,1000.22,555,0,719
2026-03-10 21:05:29,29.79,58.91,1000.22,555,0,716
2026-03-10 21:05:31,29.79,58.70,1000.20,555,0,716
2026-03-10 21:05:33,29.78,58.58,1000.22,555,0,714
2026-03-10 21:05:35,29.76,58.89,1000.21,555,0,718
2026-03-10 21:05:37,29.76,58.86,1000.21,555,0,720
2026-03-10 21:05:39,29.76,58.50,1000.19,555,0,713
2026-03-10 21:05:41,29.77,58.40,1000.19,554,0,704
2026-03-10 21:05:43,29.78,58.69,1000.20,556,0,686
2026-03-10 21:05:45,29.75,58.81,1000.19,555,0,687
2026-03-10 21:05:47,29.74,58.73,1000.19,555,0,696
2026-03-10 21:05:49,29.75,57.88,1000.20,555,0,700
2026-03-10 21:05:51,29.69,58.99,1000.19,556,0,706
2026-03-10 21:05:53,29.61,59.14,1000.18,554,0,711
2026-03-10 21:05:55,29.55,59.32,1000.20,556,0,715
2026-03-10 21:05:57,29.54,58.96,1000.19,555,0,715
2026-03-10 21:05:59,29.50,59.02,1000.21,555,0,711
2026-03-10 21:06:01,29.49,59.02,1000.21,554,0,710
2026-03-10 21:06:03,29.51,58.57,1000.22,555,0,705
2026-03-10 21:06:05,29.54,58.57,1000.21,554,0,697
2026-03-10 21:06:07,29.56,59.04,1000.23,555,0,688
2026-03-10 21:06:10,29.58,59.24,1000.25,555,0,686
2026-03-10 21:06:12,29.59,59.35,1000.22,556,0,712
2026-03-10 21:06:14,29.62,58.98,1000.23,556,0,723
2026-03-10 21:06:16,29.63,59.16,1000.25,555,0,694
2026-03-10 21:06:18,29.63,59.14,1000.25,555,0,674
2026-03-10 21:06:20,29.64,59.16,1000.20,554,0,670
2026-03-10 21:06:22,29.66,59.01,1000.21,555,0,693
2026-03-10 21:06:24,29.66,59.16,1000.17,555,0,246
2026-03-10 21:06:26,29.67,59.25,1000.19,554,0,531
2026-03-10 21:06:28,29.68,59.10,1000.21,555,0,260
2026-03-10 21:06:30,29.68,58.59,1000.20,554,0,538
2026-03-10 21:06:32,29.69,58.18,1000.20,555,0,680
2026-03-10 21:06:34,29.70,58.44,1000.22,554,0,698
2026-03-10 21:06:36,29.70,58.65,1000.19,556,0,694
2026-03-10 21:06:38,29.71,58.56,1000.20,554,0,690
2026-03-10 21:06:40,29.72,58.35,1000.18,555,0,687
2026-03-10 21:06:42,29.74,58.79,1000.18,553,0,683
2026-03-10 21:06:44,29.76,58.58,1000.20,555,0,664
2026-03-10 21:06:46,29.77,58.60,1000.20,555,0,663
2026-03-10 21:06:48,29.78,58.43,1000.22,556,0,672
2026-03-10 21:06:50,29.80,58.56,1000.19,554,0,660
2026-03-10 21:06:52,29.80,58.76,1000.21,556,0,663
2026-03-10 21:06:54,29.82,58.69,1000.22,554,0,369
2026-03-10 21:06:56,29.82,58.87,1000.19,555,0,695
2026-03-10 21:06:58,29.83,58.80,1000.18,555,0,697
2026-03-10 21:07:00,29.85,58.73,1000.19,555,0,244
2026-03-10 21:07:02,29.86,58.73,1000.18,555,0,716
2026-03-10 21:07:04,29.87,58.70,1000.19,555,0,720
2026-03-10 21:07:06,29.87,59.01,1000.21,554,0,720
2026-03-10 21:07:08,29.88,58.87,1000.20,555,0,705
2026-03-10 21:07:10,29.89,58.74,1000.16,555,0,680
2026-03-10 21:07:12,29.89,58.58,1000.20,555,0,715
2026-03-10 21:07:14,29.89,58.09,1000.20,555,0,483
2026-03-10 21:07:16,29.89,58.21,1000.21,556,0,646
2026-03-10 21:07:18,29.90,58.26,1000.19,554,0,680
2026-03-10 21:07:20,29.92,58.52,1000.18,555,0,683
2026-03-10 21:07:22,29.93,58.05,1000.20,555,0,691
2026-03-10 21:07:24,29.94,57.78,1000.20,556,0,698
2026-03-10 21:07:26,29.94,58.00,1000.16,555,0,670
2026-03-10 21:07:28,29.95,58.23,1000.18,555,0,669
2026-03-10 21:07:30,29.96,57.70,1000.24,556,0,674
2026-03-10 21:07:32,29.97,57.80,1000.20,554,0,687
2026-03-10 21:07:34,29.97,57.98,1000.24,555,0,677
2026-03-10 21:07:36,29.97,58.29,1000.21,555,0,678
2026-03-10 21:07:38,29.98,58.20,1000.21,554,0,699
2026-03-10 21:07:40,29.92,58.25,1000.17,554,0,720
2026-03-10 21:07:42,29.91,57.88,1000.18,556,0,703
2026-03-10 21:07:44,29.91,57.61,1000.19,554,0,678
2026-03-10 21:07:46,29.89,57.96,1000.18,555,0,708
2026-03-10 21:07:48,29.86,58.39,1000.18,555,0,714
2026-03-10 21:07:50,29.84,58.42,1000.20,554,0,688
2026-03-10 21:07:52,29.82,58.39,1000.21,555,0,704
2026-03-10 21:07:54,29.83,57.84,1000.18,554,0,711
2026-03-10 21:07:56,29.83,57.47,1000.20,553,0,677
2026-03-10 21:07:58,29.83,57.54,1000.20,555,0,716
2026-03-10 21:08:00,29.81,58.22,1000.19,556,0,692
2026-03-10 21:08:02,29.80,58.43,1000.20,555,0,697
2026-03-10 21:08:04,29.79,58.71,1000.21,555,0,707
2026-03-10 21:08:06,29.79,58.69,1000.21,555,0,678
2026-03-10 21:08:08,29.79,58.77,1000.20,554,0,706
2026-03-10 21:08:10,29.78,58.63,1000.21,555,0,712
2026-03-10 21:08:12,29.77,58.59,1000.21,555,0,700
2026-03-10 21:08:14,29.77,58.52,1000.20,554,0,690
2026-03-10 21:08:16,29.77,58.25,1000.21,555,0,681
2026-03-10 21:08:18,29.78,58.26,1000.23,554,0,675
2026-03-10 21:08:20,29.77,58.38,1000.22,555,0,673
2026-03-10 21:08:22,29.77,57.87,1000.18,554,0,676
2026-03-10 21:08:24,29.78,57.73,1000.18,556,0,681
2026-03-10 21:08:26,29.79,57.58,1000.21,554,0,688
2026-03-10 21:08:28,29.79,57.53,1000.21,555,0,694
2026-03-10 21:08:30,29.80,57.22,1000.20,554,0,704
2026-03-10 21:08:32,29.82,56.72,1000.21,555,0,710
2026-03-10 21:08:34,29.83,56.55,1000.20,554,0,713
2026-03-10 21:08:36,29.84,56.43,1000.21,555,0,709
2026-03-10 21:08:38,29.85,56.57,1000.23,554,0,703
2026-03-10 21:08:40,29.86,56.93,1000.18,555,0,690
2026-03-10 21:08:42,29.86,56.73,1000.20,554,0,678
2026-03-10 21:08:44,29.87,56.73,1000.17,555,0,710
2026-03-10 21:08:46,29.87,56.35,1000.18,555,0,709
2026-03-10 21:08:48,29.88,56.25,1000.19,554,0,681
2026-03-10 21:08:50,29.88,56.17,1000.19,555,0,707
2026-03-10 21:08:52,29.90,55.96,1000.18,556,0,709
2026-03-10 21:08:54,29.87,57.58,1000.19,555,0,688
2026-03-10 21:08:56,29.82,58.32,1000.19,555,0,695
2026-03-10 21:08:58,29.81,58.24,1000.20,555,0,716
2026-03-10 21:09:00,29.83,58.01,1000.18,554,0,706
2026-03-10 21:09:02,29.83,57.92,1000.14,555,0,685
2026-03-10 21:09:04,29.84,58.04,1000.18,554,0,686
2026-03-10 21:09:06,29.85,58.33,1000.22,555,0,715
2026-03-10 21:09:08,29.87,58.30,1000.21,555,0,711
2026-03-10 21:09:10,29.88,58.44,1000.18,554,0,695
2026-03-10 21:09:12,29.88,58.23,1000.20,556,0,680
2026-03-10 21:09:14,29.88,58.21,1000.18,555,0,682
2026-03-10 21:09:16,29.89,58.35,1000.20,556,0,686
2026-03-10 21:09:18,29.89,58.70,1000.17,555,0,691
2026-03-10 21:09:20,29.88,58.41,1000.18,556,0,693
2026-03-10 21:09:47,7,58.84,1000.20,556,0,706
2026-03-10 21:09:48,07
2026-03-10 21:09:49,29.85,58.68,1000.17,556,0,713
2026-03-10 21:09:50,29.85,58.51,1000.20,556,0,716
2026-03-10 21:09:51,29.86,58.75,1000.20,555,0,713
2026-03-10 21:09:52,29.87,58.84,1000.20,556,0,706
2026-03-10 21:09:53,29.86,59.28,1000.19,555,0,696
2026-03-10 21:09:54,29.88,59.01,1000.19,555,0,708
2026-03-10 21:09:55,29.90,58.82,1000.19,556,0,715
2026-03-10 21:09:56,29.91,58.75,1000.18,556,0,709
2026-03-10 21:09:57,29.90,58.77,1000.19,555,0,698
2026-03-10 21:09:58,29.88,58.75,1000.17,556,0,663
2026-03-10 21:10:00,29.87,58.70,1000.22,554,0,686
2026-03-10 21:10:02,29.85,58.60,1000.16,555,0,713
2026-03-10 21:10:04,29.84,58.74,1000.19,555,0,704
2026-03-10 21:10:06,29.81,58.77,1000.21,554,0,680
2026-03-10 21:10:08,29.76,59.50,1000.25,555,0,701
2026-03-10 21:10:10,29.70,59.80,1000.20,555,0,710
2026-03-10 21:10:12,29.64,60.10,1000.19,554,0,688
2026-03-10 21:10:14,29.58,60.26,1000.17,555,0,683
2026-03-10 21:10:16,29.53,60.50,1000.19,555,0,714
2026-03-10 21:10:18,29.49,60.70,1000.21,554,0,701
2026-03-10 21:10:20,29.45,60.81,1000.21,556,0,674
2026-03-10 21:10:22,29.42,60.95,1000.26,554,0,715
2026-03-10 21:10:24,29.38,61.13,1000.24,554,0,697
2026-03-10 21:10:26,29.36,61.13,1000.25,555,0,684
2026-03-10 21:10:28,29.34,61.24,1000.25,555,0,713
2026-03-10 21:10:30,29.29,61.41,1000.21,554,0,693
2026-03-10 21:10:32,29.28,61.46,1000.23,555,0,679
2026-03-10 21:10:34,29.26,61.53,1000.23,555,0,714
2026-03-10 21:10:36,29.25,61.50,1000.22,554,0,697
2026-03-10 21:10:38,29.22,61.71,1000.23,556,0,682
2026-03-10 21:10:40,29.21,61.65,1000.25,554,0,715
2026-03-10 21:10:42,29.19,61.68,1000.23,555,0,697
2026-03-10 21:10:44,29.18,61.66,1000.26,556,0,674
2026-03-10 21:10:46,29.15,61.70,1000.23,555,0,711
2026-03-10 21:10:48,29.11,61.88,1000.26,554,0,702
2026-03-10 21:10:50,29.09,61.88,1000.28,555,0,677
2026-03-10 21:10:52,29.07,62.02,1000.25,555,0,714
2026-03-10 21:10:54,29.05,61.91,1000.25,554,0,686
2026-03-10 21:10:56,29.02,61.90,1000.25,555,0,708
2026-03-10 21:10:58,29.01,62.05,1000.27,555,0,704
2026-03-10 21:11:00,29.00,62.16,1000.25,555,0,678
2026-03-10 21:11:02,28.98,62.12,1000.23,555,0,717
2026-03-10 21:11:04,28.96,62.17,1000.22,556,0,693
2026-03-10 21:11:06,28.95,62.33,1000.25,554,0,694
2026-03-10 21:11:08,28.94,62.40,1000.25,555,0,713
2026-03-10 21:11:10,28.95,61.94,1000.21,555,0,685
2026-03-10 21:11:12,28.98,61.79,1000.19,554,0,704
2026-03-10 21:11:14,29.01,61.08,1000.21,555,0,708
2026-03-10 21:11:16,29.06,60.76,1000.24,555,0,683
2026-03-10 21:11:18,29.10,60.34,1000.22,554,0,689
2026-03-10 21:11:20,29.14,60.35,1000.25,555,0,712
2026-03-10 21:11:22,29.17,60.92,1000.25,555,0,712
2026-03-10 21:11:24,29.20,60.80,1000.26,554,0,710
2026-03-10 21:11:26,29.24,61.13,1000.24,555,0,711
2026-03-10 21:11:28,29.27,61.12,1000.22,555,0,713
2026-03-10 21:11:30,29.28,61.11,1000.26,555,0,715
2026-03-10 21:11:32,29.30,61.12,1000.24,556,0,708
2026-03-10 21:11:34,29.32,61.26,1000.23,555,0,687
2026-03-10 21:11:36,29.35,60.99,1000.26,556,0,671
2026-03-10 21:11:38,29.37,60.91,1000.24,555,0,679
2026-03-10 21:11:40,29.39,60.66,1000.28,556,0,690
2026-03-10 21:11:42,29.40,60.80,1000.24,554,0,695
2026-03-10 21:11:44,29.42,60.76,1000.24,556,0,695
2026-03-10 21:11:46,29.42,60.76,1000.26,554,0,688
2026-03-10 21:11:48,29.43,60.90,1000.26,555,0,676
2026-03-10 21:11:50,29.44,60.91,1000.23,554,0,704
2026-03-10 21:11:52,29.45,60.91,1000.23,554,0,718
2026-03-10 21:11:54,29.46,60.77,1000.26,555,0,690
2026-03-10 21:11:56,29.46,60.86,1000.23,554,0,716
2026-03-10 21:11:58,29.46,60.82,1000.23,554,0,704
2026-03-10 21:12:00,29.45,60.83,1000.28,555,0,708
2026-03-10 21:12:02,29.45,60.79,1000.24,556,0,707
2026-03-10 21:12:04,29.46,60.74,1000.25,555,0,701
2026-03-10 21:12:06,29.44,61.05,1000.25,555,0,713
2026-03-10 21:12:08,29.46,61.13,1000.24,556,0,688
2026-03-10 21:12:10,29.47,61.04,1000.22,555,0,723
2026-03-10 21:12:12,29.48,60.97,1000.26,554,0,686
2026-03-10 21:12:14,29.48,61.18,1000.24,555,0,725
2026-03-10 21:12:16,29.48,61.24,1000.24,555,0,693
2026-03-10 21:12:18,29.49,61.17,1000.27,554,0,723
2026-03-10 21:12:20,29.49,61.05,1000.26,555,0,695
2026-03-10 21:12:22,29.51,61.08,1000.28,555,0,722
2026-03-10 21:12:24,29.52,60.94,1000.26,556,0,695
2026-03-10 21:12:26,29.53,60.74,1000.25,554,0,725
2026-03-10 21:12:28,29.56,60.45,1000.29,554,0,692
2026-03-10 21:12:30,29.57,60.33,1000.26,555,0,725
2026-03-10 21:12:33,29.59,60.43,1000.23,556,0,690
2026-03-10 21:12:35,29.60,60.38,1000.25,556,0,708
2026-03-10 21:12:37,29.58,60.22,1000.25,555,0,723
